model,feature,importance
cat_behavior_d5,late_recency_weighted,0.0402735777161
cat_behavior_d5,v2_late2_recent2_count,0.0316742102756
cat_behavior_d5,v2_late2_months_since_latest,0.0294863679024
cat_behavior_d5,PAY_0,0.0253018085506
cat_behavior_d5,v2_credit_headroom_latest,0.0240612413321
cat_behavior_d5,v2_recent_late_utilization,0.0203397501013
cat_behavior_d5,v2_late2_recent_run,0.0194655866489
cat_behavior_d5,v2_cashflow_proxy_mean_5,0.0184909208902
cat_behavior_d5,v2_overdue_recent2_mean,0.0177895456781
cat_behavior_d5,v2_credit_headroom_min,0.0177844569374
cat_behavior_d5,bill_change_plus_payment_proxy_1,0.0175908096881
cat_behavior_d5,v2_cashflow_proxy_std_5,0.0163895703392
cat_behavior_d5,AGE,0.0147493770023
cat_behavior_d5,signed_log_LIMIT_BAL,0.0139185343847
cat_behavior_d5,bill_std,0.0132069062879
cat_behavior_d5,payment_total_to_bill_total,0.0131035616024
cat_behavior_d5,late_count_6,0.0121745298382
cat_behavior_d5,v2_cashflow_proxy_mean_2,0.0120713769187
cat_behavior_d5,late_sum_6,0.0118664030303
cat_behavior_d5,v2_utilization_recent2_mean,0.0113532661235
cat_behavior_d5,v2_cashflow_proxy_relative_variation,0.0111847606854
cat_behavior_d5,v2_overdue_recent_minus_previous_max,0.0107740538338
cat_behavior_d5,v2_bill_change_plus_payment_to_limit_3,0.01076673551
cat_behavior_d5,MARRIAGE,0.0106567151473
cat_behavior_d5,v2_zero_payment_positive_older_bill_count,0.0104677123738
cat_behavior_d5,v2_cashflow_proxy_std_2,0.00975095496269
cat_behavior_d5,bill_mean,0.00951777064844
cat_behavior_d5,v2_uncovered_older_bill_to_limit_1,0.00917587432671
cat_behavior_d5,LIMIT_BAL,0.00906079225316
cat_behavior_d5,v2_paid_share_recent_minus_old,0.0088747115961
cat_behavior_d5,EDUCATION,0.00772552829967
cat_behavior_d5,v2_overdue_std,0.00737365955565
cat_behavior_d5,v2_uncovered_older_bill_to_limit_2,0.00732200333194
cat_behavior_d5,v2_bill_recent2_mean,0.00698095314669
cat_behavior_d5,payment_max,0.00681157962254
cat_behavior_d5,v2_uncovered_older_bill_mean_to_limit_2,0.0065819654422
cat_behavior_d5,severe_late_count_3,0.00655360244645
cat_behavior_d5,payment_recent3_mean,0.00639166050529
cat_behavior_d5,v2_bill_change_plus_payment_to_limit_2,0.00637656864844
cat_behavior_d5,v2_repayment_ratio_active_mean_2,0.00634242018803
cat_behavior_d5,status_-1_count_3,0.00618227964422
cat_behavior_d5,signed_log_BILL_AMT1,0.00609173492811
cat_behavior_d5,v2_payment_multiple_1000_count,0.00608565393922
cat_behavior_d5,bill_relative_variation,0.00582861047297
cat_behavior_d5,v2_payment_recent2_mean,0.00571927666419
cat_behavior_d5,PAY_AMT2,0.00571106180493
cat_behavior_d5,v2_utilization_over_50pct_count,0.00566812009584
cat_behavior_d5,payment_mean,0.00554791445434
cat_behavior_d5,bill_to_limit_3,0.00548914408193
cat_behavior_d5,v2_late1_months_since_latest,0.00546326139354
cat_behavior_d5,status_-1_count_6,0.00519117499275
cat_behavior_d5,v2_utilization_recent_minus_old3,0.00516854539778
cat_behavior_d5,BILL_AMT1,0.00515577253854
cat_behavior_d5,payment_delta_4_5,0.00513734066882
cat_behavior_d5,signed_log_BILL_AMT2,0.00511966250352
cat_behavior_d5,education_unmapped,0.00500089641714
cat_behavior_d5,payment_min,0.00500085299825
cat_behavior_d5,payment_bill_same_index_ratio_3,0.0049934999563
cat_behavior_d5,v2_paid_under_2pct_count_5,0.00471218199054
cat_behavior_d5,payment_bill_same_index_ratio_5,0.00470666447876
cat_behavior_d5,PAY_AMT3,0.00462953312897
cat_behavior_d5,bill_mean_to_limit,0.00462345528262
cat_behavior_d5,bill_to_limit_1,0.00462290962464
cat_behavior_d5,v2_paid_share_mean_5,0.00459376613075
cat_behavior_d5,bill_change_plus_payment_proxy_2,0.00445890965846
cat_behavior_d5,payment_max_to_limit,0.00428423919609
cat_behavior_d5,v2_cashflow_proxy_mean_to_limit_2,0.00420733364185
cat_behavior_d5,bill_to_limit_6,0.00415945270831
cat_behavior_d5,bill_change_plus_payment_proxy_5,0.00415637900471
cat_behavior_d5,v2_bill_range_to_limit,0.00415539513187
cat_behavior_d5,bill_delta_3_4,0.00405971196494
cat_behavior_d5,bill_latest_minus_oldest,0.00400301863728
cat_behavior_d5,BILL_AMT5,0.00400056943112
cat_behavior_d5,payment_to_limit_4,0.00397000594527
cat_behavior_d5,v2_paid_share_mean_2,0.00389604926675
cat_behavior_d5,payment_relative_variation,0.0038570589617
cat_behavior_d5,severe_late_count_6,0.00383994478782
cat_behavior_d5,PAY_6,0.00382858739777
cat_behavior_d5,signed_log_PAY_AMT4,0.0038195467891
cat_behavior_d5,PAY_AMT4,0.00380164650822
cat_behavior_d5,bill_to_limit_2,0.00375575877906
cat_behavior_d5,v2_late2_new_recent,0.00373225807363
cat_behavior_d5,payment_older_bill_ratio_2,0.00369922740167
cat_behavior_d5,v2_cashflow_proxy_mean_to_limit_5,0.00366241868229
cat_behavior_d5,bill_to_limit_5,0.00358442085844
cat_behavior_d5,bill_change_plus_payment_proxy_4,0.00357266397864
cat_behavior_d5,payment_std,0.00353427971815
cat_behavior_d5,signed_log_PAY_AMT6,0.00351640457668
cat_behavior_d5,status_improving_count,0.00348774088399
cat_behavior_d5,v2_paid_share_older_bill_2,0.00347556967688
cat_behavior_d5,PAY_AMT6,0.0034706459497
cat_behavior_d5,status_delta_1_2,0.00339548089071
cat_behavior_d5,late_max_6,0.00338024651128
cat_behavior_d5,payment_recent_minus_old3,0.00337811816843
cat_behavior_d5,v2_cashflow_proxy_to_payment_mean,0.00337803206212
cat_behavior_d5,bill_delta_4_5,0.00327768687682
cat_behavior_d5,v2_bill_change_plus_payment_to_limit_1,0.00323898182658
cat_behavior_d5,PAY_AMT5,0.00323680498067
cat_behavior_d5,late_count_3,0.00321802444089
cat_behavior_d5,status_0_count_6,0.00320874236368
cat_behavior_d5,payment_bill_same_index_ratio_4,0.00313973433235
cat_behavior_d5,v2_overdue_recent_minus_old3,0.00308516191134
cat_behavior_d5,v2_repayment_ratio_active_mean_5,0.00307338924589
cat_behavior_d5,payment_bill_same_index_ratio_1,0.0030363815687
cat_behavior_d5,payment_delta_5_6,0.00301973413007
cat_behavior_d5,bill_delta_5_6,0.00298352583581
cat_behavior_d5,signed_log_BILL_AMT3,0.0029671061161
cat_behavior_d5,v2_late1_resolved_episode_count,0.00295869373767
cat_behavior_d5,payment_mean_to_limit,0.00295139235566
cat_behavior_d5,payment_latest_minus_oldest,0.00294290964351
cat_behavior_d5,bill_max_to_limit,0.00291316160631
cat_behavior_d5,bill_delta_1_2,0.00289318790646
cat_behavior_d5,v2_uncovered_older_bill_to_limit_4,0.00282506031119
cat_behavior_d5,v2_late2_resolved_recent,0.00280780319827
cat_behavior_d5,v2_paid_share_older_bill_5,0.00275893312321
cat_behavior_d5,payment_delta_2_3,0.00273232788662
cat_behavior_d5,payment_to_limit_5,0.00268910903898
cat_behavior_d5,payment_delta_1_2,0.00266273268676
cat_behavior_d5,bill_recent3_mean,0.00264652586821
cat_behavior_d5,bill_to_limit_4,0.00260100306836
cat_behavior_d5,SEX,0.002564583218
cat_behavior_d5,bill_change_plus_payment_proxy_3,0.00256216380425
cat_behavior_d5,status_worsening_count,0.00255530502812
cat_behavior_d5,v2_paid_share_older_bill_4,0.00251966369082
cat_behavior_d5,signed_log_PAY_AMT3,0.00251907914205
cat_behavior_d5,bill_min,0.00248803226228
cat_behavior_d5,v2_cashflow_proxy_recent_minus_old,0.0024310358792
cat_behavior_d5,v2_uncovered_older_bill_to_limit_3,0.0024192606345
cat_behavior_d5,v2_bill_change_plus_payment_to_limit_4,0.00240534009937
cat_behavior_d5,v2_paid_under_2pct_count_2,0.00239254700456
cat_behavior_d5,payment_to_limit_2,0.00235381365889
cat_behavior_d5,bill_delta_2_3,0.00232313122899
cat_behavior_d5,status_delta_4_5,0.00229687028658
cat_behavior_d5,payment_linear_trend,0.00228923322498
cat_behavior_d5,v2_bill_growing_recent_run,0.0022743730083
cat_behavior_d5,payment_older_bill_ratio_1,0.00224943982164
cat_behavior_d5,signed_log_PAY_AMT5,0.00223850849878
cat_behavior_d5,payment_older_bill_ratio_5,0.00223746330592
cat_behavior_d5,v2_late2_resolved_episode_count,0.00221560325319
cat_behavior_d5,signed_log_BILL_AMT4,0.00219625574069
cat_behavior_d5,v2_utilization_latest_minus_oldest,0.0021826819945
cat_behavior_d5,v2_bill_change_plus_payment_to_limit_5,0.00217539534124
cat_behavior_d5,v2_over_limit_amount_mean,0.00215188055019
cat_behavior_d5,BILL_AMT6,0.00215023605369
cat_behavior_d5,v2_late1_recent_run,0.00214254509815
cat_behavior_d5,late_max_3,0.0021363047508
cat_behavior_d5,payment_to_limit_6,0.00209442754607
cat_behavior_d5,v2_utilization_over_80pct_count,0.00209264198468
cat_behavior_d5,signed_log_BILL_AMT5,0.00208467043332
cat_behavior_d5,BILL_AMT3,0.00205299462601
cat_behavior_d5,payment_older_bill_ratio_3,0.00200877175489
cat_behavior_d5,v2_bill_growing_count_5,0.0019754797791
cat_behavior_d5,payment_bill_same_index_ratio_6,0.00196197400445
cat_behavior_d5,v2_utilization_std,0.00194616554662
cat_behavior_d5,BILL_AMT4,0.00192916981864
cat_behavior_d5,status_delta_3_4,0.00190467745731
cat_behavior_d5,payment_to_limit_1,0.00188498359247
cat_behavior_d5,v2_late1_recent_minus_old3,0.00187566566497
cat_behavior_d5,v2_paid_under_10pct_count_5,0.00185314119472
cat_behavior_d5,payment_bill_same_index_ratio_2,0.00181241897876
cat_behavior_d5,payment_to_limit_3,0.00180997407568
cat_behavior_d5,status_-2_count_3,0.00178253261502
cat_behavior_d5,signed_log_PAY_AMT2,0.00177050688835
cat_behavior_d5,bill_max,0.00170818596571
cat_behavior_d5,v2_uncovered_older_bill_mean_to_limit_5,0.00165322222267
cat_behavior_d5,v2_paid_share_older_bill_3,0.00156684210514
cat_behavior_d5,late_sum_3,0.00155416192604
cat_behavior_d5,v2_late1_new_episode_count,0.00153858243621
cat_behavior_d5,status_delta_5_6,0.00151574649159
cat_behavior_d5,v2_late2_recent_minus_old3,0.00148845031426
cat_behavior_d5,v2_uncovered_older_bill_to_limit_5,0.00143861178604
cat_behavior_d5,payment_older_bill_ratio_4,0.0014205228769
cat_behavior_d5,v2_status_unchanged_count,0.00138908237415
cat_behavior_d5,BILL_AMT2,0.0013304423081
cat_behavior_d5,zero_payment_with_positive_bill,0.00120893618726
cat_behavior_d5,PAY_5,0.00119831392677
cat_behavior_d5,status_latest_minus_oldest,0.00115149472251
cat_behavior_d5,bill_zero_count,0.00113147006922
cat_behavior_d5,signed_log_PAY_AMT1,0.0011285420354
cat_behavior_d5,PAY_4,0.00112431656817
cat_behavior_d5,signed_log_BILL_AMT6,0.00110421217567
cat_behavior_d5,v2_paid_under_5pct_count_2,0.00102377189202
cat_behavior_d5,payment_delta_3_4,0.00100531541614
cat_behavior_d5,payment_zero_count,0.000964061049185
cat_behavior_d5,status_delta_2_3,0.000875554648079
cat_behavior_d5,v2_paid_share_older_bill_1,0.000820071091912
cat_behavior_d5,v2_paid_under_5pct_count_5,0.000733888044153
cat_behavior_d5,PAY_AMT1,0.000720068114883
cat_behavior_d5,PAY_2,0.000709407329099
cat_behavior_d5,bill_linear_trend,0.000706109485561
cat_behavior_d5,v2_late1_new_recent,0.000671806715657
cat_behavior_d5,PAY_3,0.000615775761911
cat_behavior_d5,bills_above_limit_count,0.000596249034937
cat_behavior_d5,v2_late1_recent2_count,0.000586507850645
cat_behavior_d5,bill_negative_count,0.000551257872831
cat_behavior_d5,v2_late2_new_episode_count,0.000484243205171
cat_behavior_d5,v2_bill_growing_count_2,0.000458926121382
cat_behavior_d5,status_0_count_3,0.000439000914911
cat_behavior_d5,v2_utilization_over_100pct_count,0.000414997534688
cat_behavior_d5,late_run_recent,0.000333230811209
cat_behavior_d5,v2_active_older_bill_count_5,0.0003280515502
cat_behavior_d5,v2_paid_under_10pct_count_2,0.000307391713977
cat_behavior_d5,bill_recent_minus_old3,0.000283852587905
cat_behavior_d5,v2_bill_nonpositive_recent_run,0.000278780990658
cat_behavior_d5,v2_zero_payment_recent_run,0.000269090354746
cat_behavior_d5,marriage_unmapped,0.000246144211754
cat_behavior_d5,status_-2_count_6,0
cat_behavior_d5,payment_negative_count,0
cat_behavior_d5,negative_bill_flag,0
cat_behavior_d5,v2_late1_resolved_recent,0
cat_behavior_d5,v2_active_older_bill_count_2,0
cat_behavior_d5,v2_paid_covers_older_bill_count_2,0
cat_behavior_d5,v2_paid_covers_older_bill_count_5,0
cat_behavior_d5,v2_cashflow_proxy_negative_count_2,0
cat_behavior_d5,v2_cashflow_proxy_negative_count_5,0
rf_behavior_leaf30,remainder__late_recency_weighted,0.139438543301
rf_behavior_leaf30,remainder__v2_late2_months_since_latest,0.124801522164
rf_behavior_leaf30,remainder__v2_late2_recent2_count,0.113149034745
rf_behavior_leaf30,remainder__v2_overdue_recent2_mean,0.0401057236151
rf_behavior_leaf30,remainder__v2_recent_late_utilization,0.0293740440504
rf_behavior_leaf30,remainder__PAY_0,0.0198201001634
rf_behavior_leaf30,remainder__v2_cashflow_proxy_mean_5,0.0191438664509
rf_behavior_leaf30,remainder__v2_late2_recent_run,0.0150064527007
rf_behavior_leaf30,remainder__v2_cashflow_proxy_mean_2,0.0134165365531
rf_behavior_leaf30,remainder__v2_credit_headroom_latest,0.0103476679266
rf_behavior_leaf30,remainder__v2_credit_headroom_min,0.00984332552415
rf_behavior_leaf30,remainder__v2_cashflow_proxy_std_5,0.00958579125491
rf_behavior_leaf30,remainder__AGE,0.00832819053562
rf_behavior_leaf30,remainder__v2_cashflow_proxy_std_2,0.00692007557457
rf_behavior_leaf30,remainder__v2_cashflow_proxy_relative_variation,0.00685594983598
rf_behavior_leaf30,remainder__v2_late2_resolved_recent,0.00673341400404
rf_behavior_leaf30,remainder__late_sum_6,0.0065356813499
rf_behavior_leaf30,remainder__bill_change_plus_payment_proxy_1,0.00626418357855
rf_behavior_leaf30,remainder__payment_mean,0.00581378367592
rf_behavior_leaf30,remainder__bill_mean,0.00570652058025
rf_behavior_leaf30,remainder__v2_repayment_ratio_active_mean_5,0.00528135770169
rf_behavior_leaf30,remainder__payment_relative_variation,0.00522445859831
rf_behavior_leaf30,remainder__payment_total_to_bill_total,0.00520884180262
rf_behavior_leaf30,remainder__v2_cashflow_proxy_mean_to_limit_2,0.00516012424931
rf_behavior_leaf30,remainder__v2_paid_share_mean_5,0.00511209115266
rf_behavior_leaf30,remainder__bill_max,0.00500018015754
rf_behavior_leaf30,remainder__bill_std,0.0048614656271
rf_behavior_leaf30,remainder__bill_relative_variation,0.004758330143
rf_behavior_leaf30,remainder__late_max_3,0.0046729537765
rf_behavior_leaf30,remainder__v2_cashflow_proxy_recent_minus_old,0.00456481448368
rf_behavior_leaf30,remainder__severe_late_count_3,0.00443024594101
rf_behavior_leaf30,remainder__payment_max,0.0043811039573
rf_behavior_leaf30,remainder__v2_paid_share_recent_minus_old,0.00436363954492
rf_behavior_leaf30,remainder__payment_recent_minus_old3,0.00434930359253
rf_behavior_leaf30,remainder__payment_std,0.00432077201113
rf_behavior_leaf30,remainder__v2_paid_share_mean_2,0.00429901831269
rf_behavior_leaf30,remainder__v2_cashflow_proxy_to_payment_mean,0.00427940139083
rf_behavior_leaf30,remainder__v2_bill_change_plus_payment_to_limit_3,0.00423661423761
rf_behavior_leaf30,remainder__v2_utilization_recent_minus_old3,0.00419386516304
rf_behavior_leaf30,remainder__bill_change_plus_payment_proxy_2,0.00418948686743
rf_behavior_leaf30,remainder__v2_bill_change_plus_payment_to_limit_1,0.00414452779359
rf_behavior_leaf30,remainder__v2_late1_months_since_latest,0.00414293701077
rf_behavior_leaf30,remainder__bill_delta_1_2,0.00409903905603
rf_behavior_leaf30,remainder__payment_linear_trend,0.00408830093626
rf_behavior_leaf30,remainder__v2_bill_change_plus_payment_to_limit_2,0.00405196851939
rf_behavior_leaf30,remainder__v2_bill_change_plus_payment_to_limit_5,0.00402842829565
rf_behavior_leaf30,remainder__payment_latest_minus_oldest,0.00393217305369
rf_behavior_leaf30,remainder__bill_change_plus_payment_proxy_3,0.00391069044342
rf_behavior_leaf30,remainder__v2_bill_change_plus_payment_to_limit_4,0.00387474923702
rf_behavior_leaf30,remainder__bill_max_to_limit,0.00385522484019
rf_behavior_leaf30,remainder__payment_max_to_limit,0.0038308254383
rf_behavior_leaf30,remainder__v2_cashflow_proxy_mean_to_limit_5,0.00374324920997
rf_behavior_leaf30,remainder__bill_change_plus_payment_proxy_4,0.00373876246605
rf_behavior_leaf30,remainder__payment_bill_same_index_ratio_6,0.00369859096715
rf_behavior_leaf30,remainder__payment_delta_2_3,0.00358302757147
rf_behavior_leaf30,remainder__bill_delta_4_5,0.00357601164351
rf_behavior_leaf30,remainder__payment_to_limit_6,0.0035750020357
rf_behavior_leaf30,remainder__payment_delta_4_5,0.00355761722767
rf_behavior_leaf30,remainder__payment_recent3_mean,0.00355421298665
rf_behavior_leaf30,remainder__bill_change_plus_payment_proxy_5,0.00354861117663
rf_behavior_leaf30,remainder__bill_delta_2_3,0.00354797153647
rf_behavior_leaf30,remainder__bill_delta_3_4,0.00347065922209
rf_behavior_leaf30,remainder__bill_recent3_mean,0.00343952105398
rf_behavior_leaf30,remainder__payment_delta_5_6,0.00343791684567
rf_behavior_leaf30,remainder__v2_payment_recent2_mean,0.00340918753108
rf_behavior_leaf30,remainder__payment_mean_to_limit,0.00339863119044
rf_behavior_leaf30,remainder__v2_utilization_recent2_mean,0.00331497529736
rf_behavior_leaf30,remainder__bill_to_limit_1,0.00328928868516
rf_behavior_leaf30,remainder__bill_delta_5_6,0.00327452562664
rf_behavior_leaf30,remainder__bill_to_limit_2,0.00326964412023
rf_behavior_leaf30,remainder__payment_bill_same_index_ratio_5,0.00323346336775
rf_behavior_leaf30,remainder__v2_utilization_std,0.0032050574328
rf_behavior_leaf30,remainder__late_count_6,0.00314946464244
rf_behavior_leaf30,remainder__v2_bill_range_to_limit,0.00313665656939
rf_behavior_leaf30,remainder__v2_repayment_ratio_active_mean_2,0.003101523117
rf_behavior_leaf30,remainder__v2_paid_share_older_bill_5,0.00309167569333
rf_behavior_leaf30,remainder__v2_overdue_std,0.00307668895433
rf_behavior_leaf30,remainder__payment_delta_1_2,0.00305278241378
rf_behavior_leaf30,remainder__bill_recent_minus_old3,0.00303495872939
rf_behavior_leaf30,remainder__v2_paid_share_older_bill_2,0.00303374914373
rf_behavior_leaf30,remainder__payment_bill_same_index_ratio_4,0.00290889466625
rf_behavior_leaf30,remainder__LIMIT_BAL,0.00290165762914
rf_behavior_leaf30,remainder__v2_utilization_latest_minus_oldest,0.00288623229697
rf_behavior_leaf30,remainder__payment_delta_3_4,0.0028217768353
rf_behavior_leaf30,remainder__payment_min,0.00281540256096
rf_behavior_leaf30,remainder__payment_to_limit_3,0.0027691039765
rf_behavior_leaf30,remainder__payment_bill_same_index_ratio_2,0.00276670947514
rf_behavior_leaf30,remainder__bill_mean_to_limit,0.00275798619823
rf_behavior_leaf30,remainder__v2_uncovered_older_bill_to_limit_2,0.00275408591877
rf_behavior_leaf30,remainder__v2_paid_share_older_bill_4,0.00272195656793
rf_behavior_leaf30,remainder__bill_linear_trend,0.00268378757053
rf_behavior_leaf30,remainder__bill_latest_minus_oldest,0.00263117137499
rf_behavior_leaf30,remainder__payment_bill_same_index_ratio_3,0.00260577145231
rf_behavior_leaf30,remainder__payment_to_limit_1,0.00258657341777
rf_behavior_leaf30,remainder__payment_bill_same_index_ratio_1,0.00256125710676
rf_behavior_leaf30,remainder__payment_older_bill_ratio_4,0.00254121651733
rf_behavior_leaf30,remainder__bill_to_limit_4,0.00251862177963
rf_behavior_leaf30,remainder__payment_to_limit_2,0.00243148851503
rf_behavior_leaf30,remainder__v2_uncovered_older_bill_to_limit_1,0.00242566114071
rf_behavior_leaf30,remainder__v2_uncovered_older_bill_mean_to_limit_2,0.00240527074042
rf_behavior_leaf30,remainder__v2_paid_share_older_bill_3,0.00239122023192
rf_behavior_leaf30,remainder__signed_log_LIMIT_BAL,0.00239045793503
rf_behavior_leaf30,remainder__payment_to_limit_5,0.00238265074901
rf_behavior_leaf30,remainder__v2_paid_share_older_bill_1,0.00232157636569
rf_behavior_leaf30,remainder__v2_bill_recent2_mean,0.00231622222318
rf_behavior_leaf30,remainder__bill_to_limit_3,0.00229108087076
rf_behavior_leaf30,remainder__v2_zero_payment_positive_older_bill_count,0.00227025354627
rf_behavior_leaf30,remainder__payment_older_bill_ratio_5,0.00225537130186
rf_behavior_leaf30,remainder__payment_to_limit_4,0.00218906148001
rf_behavior_leaf30,remainder__payment_older_bill_ratio_2,0.002167556155
rf_behavior_leaf30,remainder__signed_log_BILL_AMT1,0.00213709986997
rf_behavior_leaf30,remainder__PAY_AMT3,0.00213000248178
rf_behavior_leaf30,remainder__late_max_6,0.00212035214521
rf_behavior_leaf30,remainder__BILL_AMT5,0.00208545170249
rf_behavior_leaf30,remainder__PAY_AMT6,0.0020801016962
rf_behavior_leaf30,remainder__bill_to_limit_5,0.0020771286534
rf_behavior_leaf30,remainder__BILL_AMT1,0.00207568608736
rf_behavior_leaf30,remainder__signed_log_PAY_AMT6,0.00206811097051
rf_behavior_leaf30,remainder__bill_to_limit_6,0.00202044834337
rf_behavior_leaf30,remainder__signed_log_PAY_AMT2,0.0019807578156
rf_behavior_leaf30,remainder__signed_log_BILL_AMT5,0.00194575816732
rf_behavior_leaf30,remainder__v2_overdue_recent_minus_previous_max,0.00192899688826
rf_behavior_leaf30,remainder__payment_older_bill_ratio_3,0.00192002738496
rf_behavior_leaf30,remainder__signed_log_PAY_AMT3,0.00187969128998
rf_behavior_leaf30,remainder__signed_log_PAY_AMT4,0.00184729227051
rf_behavior_leaf30,remainder__v2_uncovered_older_bill_mean_to_limit_5,0.00182335866621
rf_behavior_leaf30,remainder__v2_uncovered_older_bill_to_limit_3,0.00180628556593
rf_behavior_leaf30,remainder__v2_uncovered_older_bill_to_limit_4,0.00179253741649
rf_behavior_leaf30,remainder__bill_min,0.00178149996558
rf_behavior_leaf30,remainder__PAY_AMT2,0.00176178556613
rf_behavior_leaf30,remainder__status_delta_1_2,0.00173988103379
rf_behavior_leaf30,remainder__payment_older_bill_ratio_1,0.0016801630215
rf_behavior_leaf30,remainder__PAY_AMT4,0.00162924880067
rf_behavior_leaf30,remainder__PAY_AMT5,0.00158044436209
rf_behavior_leaf30,remainder__severe_late_count_6,0.00157382154756
rf_behavior_leaf30,remainder__signed_log_PAY_AMT5,0.00154289626082
rf_behavior_leaf30,remainder__BILL_AMT6,0.00151458540749
rf_behavior_leaf30,remainder__late_sum_3,0.00146892352472
rf_behavior_leaf30,remainder__signed_log_BILL_AMT6,0.00144456434096
rf_behavior_leaf30,remainder__PAY_AMT1,0.00143122104677
rf_behavior_leaf30,remainder__BILL_AMT4,0.00143068698168
rf_behavior_leaf30,remainder__signed_log_PAY_AMT1,0.00141271383333
rf_behavior_leaf30,remainder__signed_log_BILL_AMT4,0.00137844353821
rf_behavior_leaf30,remainder__signed_log_BILL_AMT2,0.00130312025668
rf_behavior_leaf30,remainder__signed_log_BILL_AMT3,0.00128374257376
rf_behavior_leaf30,remainder__v2_uncovered_older_bill_to_limit_5,0.00123933828253
rf_behavior_leaf30,remainder__BILL_AMT3,0.00118922078118
rf_behavior_leaf30,category__MARRIAGE_2.0,0.00116534824248
rf_behavior_leaf30,remainder__BILL_AMT2,0.00114773851584
rf_behavior_leaf30,remainder__v2_payment_multiple_1000_count,0.00106869467173
rf_behavior_leaf30,remainder__v2_overdue_recent_minus_old3,0.00104319039667
rf_behavior_leaf30,category__MARRIAGE_1.0,0.00100766985016
rf_behavior_leaf30,category__EDUCATION_2.0,0.000985660456995
rf_behavior_leaf30,remainder__payment_zero_count,0.000973770144507
rf_behavior_leaf30,remainder__status_latest_minus_oldest,0.000965355839551
rf_behavior_leaf30,category__SEX_2.0,0.000942222375011
rf_behavior_leaf30,category__EDUCATION_1.0,0.000892568362446
rf_behavior_leaf30,remainder__v2_paid_under_2pct_count_5,0.000805607987248
rf_behavior_leaf30,remainder__status_-1_count_6,0.0008014934667
rf_behavior_leaf30,remainder__v2_late2_resolved_episode_count,0.000798776988702
rf_behavior_leaf30,category__SEX_1.0,0.00078660298176
rf_behavior_leaf30,remainder__v2_paid_under_5pct_count_5,0.000759280285507
rf_behavior_leaf30,remainder__v2_bill_growing_count_5,0.000623006322256
rf_behavior_leaf30,category__EDUCATION_3.0,0.000588893816003
rf_behavior_leaf30,remainder__zero_payment_with_positive_bill,0.000573487145533
rf_behavior_leaf30,remainder__bill_zero_count,0.000560025336149
rf_behavior_leaf30,remainder__v2_status_unchanged_count,0.000554533796251
rf_behavior_leaf30,remainder__status_0_count_6,0.000512687326059
rf_behavior_leaf30,remainder__PAY_5,0.000480074293139
rf_behavior_leaf30,remainder__status_-2_count_6,0.000459423504162
rf_behavior_leaf30,remainder__v2_late2_recent_minus_old3,0.000444274404734
rf_behavior_leaf30,remainder__status_worsening_count,0.000442213140424
rf_behavior_leaf30,remainder__status_-1_count_3,0.000429276402496
rf_behavior_leaf30,remainder__v2_bill_nonpositive_recent_run,0.000426530994528
rf_behavior_leaf30,remainder__v2_over_limit_amount_mean,0.000414533570284
rf_behavior_leaf30,remainder__status_improving_count,0.00040809267554
rf_behavior_leaf30,remainder__v2_bill_growing_recent_run,0.000407886975419
rf_behavior_leaf30,remainder__PAY_6,0.000388692962148
rf_behavior_leaf30,remainder__status_delta_3_4,0.000372798668962
rf_behavior_leaf30,remainder__status_delta_2_3,0.000328929886927
rf_behavior_leaf30,remainder__PAY_4,0.000322258216775
rf_behavior_leaf30,remainder__v2_late1_recent_minus_old3,0.000316802879486
rf_behavior_leaf30,remainder__status_delta_5_6,0.000314606535101
rf_behavior_leaf30,remainder__v2_paid_under_10pct_count_5,0.000288457646776
rf_behavior_leaf30,remainder__status_delta_4_5,0.000286541737487
rf_behavior_leaf30,remainder__v2_paid_under_2pct_count_2,0.000286469540205
rf_behavior_leaf30,remainder__status_-2_count_3,0.000280076377219
rf_behavior_leaf30,remainder__v2_paid_under_5pct_count_2,0.000269283828111
rf_behavior_leaf30,remainder__v2_late1_resolved_episode_count,0.000251523618396
rf_behavior_leaf30,remainder__v2_bill_growing_count_2,0.000250602976143
rf_behavior_leaf30,remainder__v2_paid_covers_older_bill_count_2,0.000228797556737
rf_behavior_leaf30,remainder__v2_utilization_over_80pct_count,0.000216930942714
rf_behavior_leaf30,remainder__PAY_3,0.000198139476599
rf_behavior_leaf30,remainder__late_count_3,0.000190620679641
rf_behavior_leaf30,remainder__status_0_count_3,0.000176780057997
rf_behavior_leaf30,remainder__v2_paid_covers_older_bill_count_5,0.000153520153671
rf_behavior_leaf30,remainder__v2_late2_new_episode_count,0.00013157817058
rf_behavior_leaf30,remainder__v2_late2_new_recent,0.000129661089327
rf_behavior_leaf30,remainder__v2_late1_new_episode_count,0.000127320245265
rf_behavior_leaf30,remainder__v2_late1_recent_run,0.00010457496346
rf_behavior_leaf30,remainder__v2_active_older_bill_count_5,0.000101513907918
rf_behavior_leaf30,remainder__late_run_recent,9.9976478076e-05
rf_behavior_leaf30,remainder__v2_utilization_over_50pct_count,9.85845717295e-05
rf_behavior_leaf30,remainder__v2_paid_under_10pct_count_2,9.2654775524e-05
rf_behavior_leaf30,remainder__PAY_2,8.97371256677e-05
rf_behavior_leaf30,remainder__v2_zero_payment_recent_run,6.69589692408e-05
rf_behavior_leaf30,remainder__bills_above_limit_count,6.48377581504e-05
rf_behavior_leaf30,remainder__v2_utilization_over_100pct_count,4.72733739895e-05
rf_behavior_leaf30,remainder__bill_negative_count,4.24758164333e-05
rf_behavior_leaf30,remainder__v2_late1_recent2_count,1.78008487663e-05
rf_behavior_leaf30,remainder__v2_active_older_bill_count_2,1.61591361164e-05
rf_behavior_leaf30,remainder__v2_cashflow_proxy_negative_count_5,1.25202106716e-05
rf_behavior_leaf30,remainder__v2_late1_new_recent,8.74579930484e-06
rf_behavior_leaf30,remainder__negative_bill_flag,6.40232282095e-07
rf_behavior_leaf30,category__EDUCATION_0.0,0
rf_behavior_leaf30,category__EDUCATION_4.0,0
rf_behavior_leaf30,category__EDUCATION_5.0,0
rf_behavior_leaf30,category__EDUCATION_6.0,0
rf_behavior_leaf30,category__MARRIAGE_0.0,0
rf_behavior_leaf30,category__MARRIAGE_3.0,0
rf_behavior_leaf30,remainder__payment_negative_count,0
rf_behavior_leaf30,remainder__education_unmapped,0
rf_behavior_leaf30,remainder__marriage_unmapped,0
rf_behavior_leaf30,remainder__v2_late1_resolved_recent,0
rf_behavior_leaf30,remainder__v2_cashflow_proxy_negative_count_2,0
